{
  "$schema": "http://json-schema.org/draft-04/schema#",
  "type": "object",
  "properties": {
    "Query": {
      "type": "array",
      "items": {
        "$ref": "#/definitions/Query"
      }
    },
    "SharedTable": {
      "type": "array",
      "items": {
        "$ref": "#/definitions/Anonymous221"
      }
    }
  },
  "definitions": {
    "QueryResult": {
      "type": "object",
      "properties": {
        "ResultType": {
          "type": "string"
        },
        "ValueName": {
          "type": "string"
        }
      }
    },
    "Anonymous2": {
      "type": "object",
      "properties": {
        "ResultType": {
          "type": "string"
        },
        "ValueName": {
          "type": "string"
        },
        "SharedTableName": {
          "type": "string"
        }
      }
    },
    "Anonymous3": {
      "type": "object",
      "properties": {
        "ResultType": {
          "type": "string"
        },
        "ValueName": {
          "type": "string"
        },
        "SharedTableName": {
          "type": "string"
        }
      }
    },
    "Mapping": {
      "type": "object",
      "properties": {
        "RowStart": {
          "type": "integer"
        },
        "Column": {
          "type": "array",
          "items": {
            "$ref": "#/definitions/Anonymous211"
          }
        }
      }
    },
    "Column": {
      "type": "object",
      "properties": {
        "SourceColumnName": {
          "type": "string"
        },
        "WorksheetColumn": {
          "type": "string"
        }
      }
    },
    "Anonymous6": {
      "type": "object",
      "properties": {
        "ResultType": {
          "type": "string"
        },
        "WorksheetName": {
          "type": "string"
        },
        "Mapping": {
          "$ref": "#/definitions/Mapping"
        }
      }
    },
    "QueryTextReplacement": {
      "type": "object",
      "properties": {
        "OldValue": {
          "type": "string"
        },
        "NewValue": {
          "type": "string"
        },
        "QueryTextName": {
          "type": "string"
        }
      }
    },
    "Anonymous8": {
      "type": "object",
      "properties": {
        "SourceColumnName": {
          "type": "string"
        },
        "WorksheetColumn": {
          "type": "string"
        }
      }
    },
    "FileNameReplacement": {
      "type": "object",
      "properties": {
        "ReplacementType": {
          "type": "string"
        },
        "ReplacementName": {
          "type": "string"
        }
      }
    },
    "ExportColumn": {
      "type": "object",
      "properties": {
        "ColumnName": {
          "type": "string"
        },
        "FileNamePattern": {
          "type": "string"
        },
        "FileNameReplacement": {
          "type": "array",
          "items": {
            "$ref": "#/definitions/FileNameReplacement"
          }
        }
      }
    },
    "Anonymous11": {
      "type": "object",
      "properties": {
        "ResultType": {
          "type": "string"
        },
        "WorksheetName": {
          "type": "string"
        },
        "Mapping": {
          "$ref": "#/definitions/Mapping"
        },
        "ExportColumn": {
          "type": "array",
          "items": {
            "$ref": "#/definitions/ExportColumn"
          }
        }
      }
    },
    "Anonymous12": {
      "type": "object",
      "properties": {
        "ReplacementType": {
          "type": "string"
        },
        "StartValue": {
          "type": "string"
        },
        "EndValue": {
          "type": "string"
        },
        "NewValue": {
          "type": "string"
        },
        "QueryTextName": {
          "type": "string"
        }
      }
    },
    "Anonymous13": {
      "type": "object",
      "properties": {
        "ReplacementType": {
          "type": "string"
        },
        "StartValue": {
          "type": "string"
        },
        "EndValue": {
          "type": "string"
        },
        "NewValue": {
          "type": "string"
        },
        "QueryTextName": {
          "type": "string"
        }
      }
    },
    "SharedTable": {
      "type": "object",
      "properties": {
        "Name": {
          "type": "string"
        },
        "SkipResult": {
          "type": "boolean"
        },
        "QueryTextReplacement": {
          "type": "array",
          "items": {
            "$ref": "#/definitions/Anonymous12"
          }
        }
      }
    },
    "Anonymous15": {
      "type": "object",
      "properties": {
        "SourceColumnName": {
          "type": "string"
        },
        "WorksheetColumn": {
          "type": "string"
        }
      }
    },
    "Anonymous16": {
      "type": "object",
      "properties": {
        "ResultType": {
          "type": "string"
        },
        "WorksheetName": {
          "type": "string"
        },
        "Mapping": {
          "$ref": "#/definitions/Mapping"
        }
      }
    },
    "Anonymous17": {
      "type": "object",
      "properties": {
        "RowStart": {
          "type": "integer"
        },
        "MaxRows": {
          "type": "integer"
        },
        "Column": {
          "type": "array",
          "items": {
            "$ref": "#/definitions/Anonymous191"
          }
        }
      }
    },
    "Anonymous18": {
      "type": "object",
      "properties": {
        "SourceColumnName": {
          "type": "string"
        },
        "WorksheetColumn": {
          "type": "string"
        }
      }
    },
    "Anonymous19": {
      "type": "object",
      "properties": {
        "SourceColumnName": {
          "type": "string"
        },
        "WorksheetColumn": {
          "type": "string"
        }
      }
    },
    "Anonymous20": {
      "type": "object",
      "properties": {
        "SourceColumnName": {
          "type": "string"
        },
        "WorksheetColumn": {
          "type": "string"
        }
      }
    },
    "Anonymous21": {
      "type": "object",
      "properties": {
        "SourceColumnName": {
          "type": "string"
        },
        "WorksheetColumn": {
          "type": "string"
        }
      }
    },
    "Anonymous22": {
      "type": "object",
      "properties": {
        "ResultType": {
          "type": "string"
        },
        "WorksheetName": {
          "type": "string"
        },
        "Mapping": {
          "$ref": "#/definitions/Anonymous17"
        }
      }
    },
    "Anonymous23": {
      "type": "object",
      "properties": {
        "SourceColumnName": {
          "type": "string"
        },
        "WorksheetColumn": {
          "type": "string"
        }
      }
    },
    "Anonymous24": {
      "type": "object",
      "properties": {
        "ResultType": {
          "type": "string"
        },
        "WorksheetName": {
          "type": "string"
        },
        "Mapping": {
          "$ref": "#/definitions/Mapping"
        }
      }
    },
    "Anonymous25": {
      "type": "object",
      "properties": {
        "SourceColumnName": {
          "type": "string"
        },
        "WorksheetColumn": {
          "type": "string"
        }
      }
    },
    "Anonymous26": {
      "type": "object",
      "properties": {
        "ResultType": {
          "type": "string"
        },
        "WorksheetName": {
          "type": "string"
        },
        "Mapping": {
          "$ref": "#/definitions/Mapping"
        }
      }
    },
    "SkipEngineEdition": {
      "type": "object",
      "properties": {
        "EngineEditionId": {
          "type": "integer"
        }
      }
    },
    "Anonymous28": {
      "type": "object",
      "properties": {
        "SourceColumnName": {
          "type": "string"
        },
        "WorksheetColumn": {
          "type": "string"
        }
      }
    },
    "Anonymous29": {
      "type": "object",
      "properties": {
        "ResultType": {
          "type": "string"
        },
        "WorksheetName": {
          "type": "string"
        },
        "Mapping": {
          "$ref": "#/definitions/Mapping"
        }
      }
    },
    "Anonymous30": {
      "type": "object",
      "properties": {
        "OldValue": {
          "type": "string"
        },
        "NewValue": {
          "type": "string"
        },
        "QueryTextName": {
          "type": "string"
        }
      }
    },
    "Anonymous31": {
      "type": "object",
      "properties": {
        "SourceColumnName": {
          "type": "string"
        },
        "WorksheetColumn": {
          "type": "string"
        }
      }
    },
    "Anonymous32": {
      "type": "object",
      "properties": {
        "ReplacementType": {
          "type": "string"
        },
        "ReplacementName": {
          "type": "string"
        }
      }
    },
    "Anonymous33": {
      "type": "object",
      "properties": {
        "ColumnName": {
          "type": "string"
        },
        "FileNamePattern": {
          "type": "string"
        },
        "FileNameReplacement": {
          "type": "array",
          "items": {
            "$ref": "#/definitions/Anonymous32"
          }
        }
      }
    },
    "Anonymous34": {
      "type": "object",
      "properties": {
        "ResultType": {
          "type": "string"
        },
        "WorksheetName": {
          "type": "string"
        },
        "Mapping": {
          "$ref": "#/definitions/Mapping"
        },
        "ExportColumn": {
          "type": "array",
          "items": {
            "$ref": "#/definitions/Anonymous33"
          }
        }
      }
    },
    "Anonymous35": {
      "type": "object",
      "properties": {
        "ReplacementType": {
          "type": "string"
        },
        "StartValue": {
          "type": "string"
        },
        "EndValue": {
          "type": "string"
        },
        "NewValue": {
          "type": "string"
        },
        "QueryTextName": {
          "type": "string"
        }
      }
    },
    "Anonymous36": {
      "type": "object",
      "properties": {
        "ReplacementType": {
          "type": "string"
        },
        "StartValue": {
          "type": "string"
        },
        "EndValue": {
          "type": "string"
        },
        "NewValue": {
          "type": "string"
        },
        "QueryTextName": {
          "type": "string"
        }
      }
    },
    "Anonymous37": {
      "type": "object",
      "properties": {
        "Name": {
          "type": "string"
        },
        "SkipResult": {
          "type": "boolean"
        },
        "QueryTextReplacement": {
          "type": "array",
          "items": {
            "$ref": "#/definitions/Anonymous35"
          }
        }
      }
    },
    "Anonymous38": {
      "type": "object",
      "properties": {
        "OldValue": {
          "type": "string"
        },
        "NewValue": {
          "type": "string"
        },
        "QueryTextName": {
          "type": "string"
        }
      }
    },
    "Anonymous39": {
      "type": "object",
      "properties": {
        "SourceColumnName": {
          "type": "string"
        },
        "WorksheetColumn": {
          "type": "string"
        }
      }
    },
    "Anonymous40": {
      "type": "object",
      "properties": {
        "ReplacementType": {
          "type": "string"
        },
        "ReplacementName": {
          "type": "string"
        }
      }
    },
    "Anonymous41": {
      "type": "object",
      "properties": {
        "ColumnName": {
          "type": "string"
        },
        "FileNamePattern": {
          "type": "string"
        },
        "FileNameReplacement": {
          "type": "array",
          "items": {
            "$ref": "#/definitions/Anonymous40"
          }
        }
      }
    },
    "Anonymous42": {
      "type": "object",
      "properties": {
        "ResultType": {
          "type": "string"
        },
        "WorksheetName": {
          "type": "string"
        },
        "Mapping": {
          "$ref": "#/definitions/Mapping"
        },
        "ExportColumn": {
          "type": "array",
          "items": {
            "$ref": "#/definitions/Anonymous41"
          }
        }
      }
    },
    "Anonymous43": {
      "type": "object",
      "properties": {
        "ReplacementType": {
          "type": "string"
        },
        "StartValue": {
          "type": "string"
        },
        "EndValue": {
          "type": "string"
        },
        "NewValue": {
          "type": "string"
        },
        "QueryTextName": {
          "type": "string"
        }
      }
    },
    "Anonymous44": {
      "type": "object",
      "properties": {
        "ReplacementType": {
          "type": "string"
        },
        "StartValue": {
          "type": "string"
        },
        "EndValue": {
          "type": "string"
        },
        "NewValue": {
          "type": "string"
        },
        "QueryTextName": {
          "type": "string"
        }
      }
    },
    "Anonymous45": {
      "type": "object",
      "properties": {
        "Name": {
          "type": "string"
        },
        "SkipResult": {
          "type": "boolean"
        },
        "QueryTextReplacement": {
          "type": "array",
          "items": {
            "$ref": "#/definitions/Anonymous43"
          }
        }
      }
    },
    "Anonymous46": {
      "type": "object",
      "properties": {
        "OldValue": {
          "type": "string"
        },
        "NewValue": {
          "type": "string"
        },
        "QueryTextName": {
          "type": "string"
        }
      }
    },
    "Anonymous47": {
      "type": "object",
      "properties": {
        "SourceColumnName": {
          "type": "string"
        },
        "WorksheetColumn": {
          "type": "string"
        }
      }
    },
    "Anonymous48": {
      "type": "object",
      "properties": {
        "ResultType": {
          "type": "string"
        },
        "WorksheetName": {
          "type": "string"
        },
        "Mapping": {
          "$ref": "#/definitions/Anonymous17"
        }
      }
    },
    "Anonymous49": {
      "type": "object",
      "properties": {
        "ReplacementType": {
          "type": "string"
        },
        "StartValue": {
          "type": "string"
        },
        "EndValue": {
          "type": "string"
        },
        "NewValue": {
          "type": "string"
        },
        "QueryTextName": {
          "type": "string"
        }
      }
    },
    "Anonymous50": {
      "type": "object",
      "properties": {
        "ReplacementType": {
          "type": "string"
        },
        "StartValue": {
          "type": "string"
        },
        "EndValue": {
          "type": "string"
        },
        "NewValue": {
          "type": "string"
        },
        "QueryTextName": {
          "type": "string"
        }
      }
    },
    "Anonymous51": {
      "type": "object",
      "properties": {
        "Name": {
          "type": "string"
        },
        "QueryTextReplacement": {
          "type": "array",
          "items": {
            "$ref": "#/definitions/Anonymous49"
          }
        }
      }
    },
    "Anonymous52": {
      "type": "object",
      "properties": {
        "SourceColumnName": {
          "type": "string"
        },
        "WorksheetColumn": {
          "type": "string"
        }
      }
    },
    "Anonymous53": {
      "type": "object",
      "properties": {
        "ResultType": {
          "type": "string"
        },
        "WorksheetName": {
          "type": "string"
        },
        "Mapping": {
          "$ref": "#/definitions/Mapping"
        }
      }
    },
    "Anonymous54": {
      "type": "object",
      "properties": {
        "SourceColumnName": {
          "type": "string"
        },
        "WorksheetColumn": {
          "type": "string"
        }
      }
    },
    "Anonymous55": {
      "type": "object",
      "properties": {
        "SourceColumnName": {
          "type": "string"
        },
        "WorksheetColumn": {
          "type": "string"
        }
      }
    },
    "Anonymous56": {
      "type": "object",
      "properties": {
        "ReplacementType": {
          "type": "string"
        },
        "ReplacementName": {
          "type": "string"
        }
      }
    },
    "Anonymous57": {
      "type": "object",
      "properties": {
        "ColumnName": {
          "type": "string"
        },
        "FileNamePattern": {
          "type": "string"
        },
        "FileNameReplacement": {
          "type": "array",
          "items": {
            "$ref": "#/definitions/Anonymous56"
          }
        }
      }
    },
    "Anonymous58": {
      "type": "object",
      "properties": {
        "ResultType": {
          "type": "string"
        },
        "WorksheetName": {
          "type": "string"
        },
        "Mapping": {
          "$ref": "#/definitions/Mapping"
        },
        "ExportColumn": {
          "type": "array",
          "items": {
            "$ref": "#/definitions/Anonymous57"
          }
        }
      }
    },
    "Anonymous59": {
      "type": "object",
      "properties": {
        "SourceColumnName": {
          "type": "string"
        },
        "WorksheetColumn": {
          "type": "string"
        }
      }
    },
    "Anonymous60": {
      "type": "object",
      "properties": {
        "SourceColumnName": {
          "type": "string"
        },
        "WorksheetColumn": {
          "type": "string"
        }
      }
    },
    "Anonymous61": {
      "type": "object",
      "properties": {
        "ResultType": {
          "type": "string"
        },
        "WorksheetName": {
          "type": "string"
        },
        "Mapping": {
          "$ref": "#/definitions/Mapping"
        }
      }
    },
    "Anonymous62": {
      "type": "object",
      "properties": {
        "SourceColumnName": {
          "type": "string"
        },
        "WorksheetColumn": {
          "type": "string"
        }
      }
    },
    "Anonymous63": {
      "type": "object",
      "properties": {
        "SourceColumnName": {
          "type": "string"
        },
        "WorksheetColumn": {
          "type": "string"
        }
      }
    },
    "Anonymous64": {
      "type": "object",
      "properties": {
        "ResultType": {
          "type": "string"
        },
        "WorksheetName": {
          "type": "string"
        },
        "Mapping": {
          "$ref": "#/definitions/Mapping"
        }
      }
    },
    "Anonymous65": {
      "type": "object",
      "properties": {
        "SourceColumnName": {
          "type": "string"
        },
        "WorksheetColumn": {
          "type": "string"
        }
      }
    },
    "Anonymous66": {
      "type": "object",
      "properties": {
        "SourceColumnName": {
          "type": "string"
        },
        "WorksheetColumn": {
          "type": "string"
        }
      }
    },
    "Anonymous67": {
      "type": "object",
      "properties": {
        "SourceColumnName": {
          "type": "string"
        },
        "WorksheetColumn": {
          "type": "string"
        }
      }
    },
    "Anonymous68": {
      "type": "object",
      "properties": {
        "ResultType": {
          "type": "string"
        },
        "WorksheetName": {
          "type": "string"
        },
        "Mapping": {
          "$ref": "#/definitions/Mapping"
        }
      }
    },
    "Anonymous69": {
      "type": "object",
      "properties": {
        "SourceColumnName": {
          "type": "string"
        },
        "WorksheetColumn": {
          "type": "string"
        }
      }
    },
    "Anonymous70": {
      "type": "object",
      "properties": {
        "SourceColumnName": {
          "type": "string"
        },
        "WorksheetColumn": {
          "type": "string"
        }
      }
    },
    "Anonymous71": {
      "type": "object",
      "properties": {
        "ResultType": {
          "type": "string"
        },
        "WorksheetName": {
          "type": "string"
        },
        "Mapping": {
          "$ref": "#/definitions/Mapping"
        }
      }
    },
    "Anonymous72": {
      "type": "object",
      "properties": {
        "SourceColumnName": {
          "type": "string"
        },
        "WorksheetColumn": {
          "type": "string"
        }
      }
    },
    "Anonymous73": {
      "type": "object",
      "properties": {
        "ReplacementType": {
          "type": "string"
        },
        "ReplacementName": {
          "type": "string"
        }
      }
    },
    "Anonymous74": {
      "type": "object",
      "properties": {
        "ColumnName": {
          "type": "string"
        },
        "FileNamePattern": {
          "type": "string"
        },
        "FileNameReplacement": {
          "type": "array",
          "items": {
            "$ref": "#/definitions/Anonymous73"
          }
        }
      }
    },
    "Anonymous75": {
      "type": "object",
      "properties": {
        "ResultType": {
          "type": "string"
        },
        "WorksheetName": {
          "type": "string"
        },
        "Mapping": {
          "$ref": "#/definitions/Mapping"
        },
        "ExportColumn": {
          "type": "array",
          "items": {
            "$ref": "#/definitions/Anonymous74"
          }
        }
      }
    },
    "Anonymous76": {
      "type": "object",
      "properties": {
        "ReplacementType": {
          "type": "string"
        },
        "StartValue": {
          "type": "string"
        },
        "EndValue": {
          "type": "string"
        },
        "NewValue": {
          "type": "string"
        },
        "QueryTextName": {
          "type": "string"
        }
      }
    },
    "Anonymous77": {
      "type": "object",
      "properties": {
        "ReplacementType": {
          "type": "string"
        },
        "StartValue": {
          "type": "string"
        },
        "EndValue": {
          "type": "string"
        },
        "NewValue": {
          "type": "string"
        },
        "QueryTextName": {
          "type": "string"
        }
      }
    },
    "Anonymous78": {
      "type": "object",
      "properties": {
        "Name": {
          "type": "string"
        },
        "SkipResult": {
          "type": "boolean"
        },
        "QueryTextReplacement": {
          "type": "array",
          "items": {
            "$ref": "#/definitions/Anonymous76"
          }
        }
      }
    },
    "Anonymous79": {
      "type": "object",
      "properties": {
        "OldValue": {
          "type": "string"
        },
        "NewValue": {
          "type": "string"
        },
        "QueryTextName": {
          "type": "string"
        }
      }
    },
    "Anonymous80": {
      "type": "object",
      "properties": {
        "SourceColumnName": {
          "type": "string"
        },
        "WorksheetColumn": {
          "type": "string"
        }
      }
    },
    "Anonymous81": {
      "type": "object",
      "properties": {
        "ReplacementType": {
          "type": "string"
        },
        "ReplacementName": {
          "type": "string"
        }
      }
    },
    "Anonymous82": {
      "type": "object",
      "properties": {
        "ColumnName": {
          "type": "string"
        },
        "FileNamePattern": {
          "type": "string"
        },
        "FileNameReplacement": {
          "type": "array",
          "items": {
            "$ref": "#/definitions/Anonymous81"
          }
        }
      }
    },
    "Anonymous83": {
      "type": "object",
      "properties": {
        "ResultType": {
          "type": "string"
        },
        "WorksheetName": {
          "type": "string"
        },
        "Mapping": {
          "$ref": "#/definitions/Mapping"
        },
        "ExportColumn": {
          "type": "array",
          "items": {
            "$ref": "#/definitions/Anonymous82"
          }
        }
      }
    },
    "Anonymous84": {
      "type": "object",
      "properties": {
        "ReplacementType": {
          "type": "string"
        },
        "StartValue": {
          "type": "string"
        },
        "EndValue": {
          "type": "string"
        },
        "NewValue": {
          "type": "string"
        },
        "QueryTextName": {
          "type": "string"
        }
      }
    },
    "Anonymous85": {
      "type": "object",
      "properties": {
        "ReplacementType": {
          "type": "string"
        },
        "StartValue": {
          "type": "string"
        },
        "EndValue": {
          "type": "string"
        },
        "NewValue": {
          "type": "string"
        },
        "QueryTextName": {
          "type": "string"
        }
      }
    },
    "Anonymous86": {
      "type": "object",
      "properties": {
        "Name": {
          "type": "string"
        },
        "SkipResult": {
          "type": "boolean"
        },
        "QueryTextReplacement": {
          "type": "array",
          "items": {
            "$ref": "#/definitions/Anonymous84"
          }
        }
      }
    },
    "Anonymous87": {
      "type": "object",
      "properties": {
        "OldValue": {
          "type": "string"
        },
        "NewValue": {
          "type": "string"
        },
        "QueryTextName": {
          "type": "string"
        }
      }
    },
    "Anonymous88": {
      "type": "object",
      "properties": {
        "SourceColumnName": {
          "type": "string"
        },
        "WorksheetColumn": {
          "type": "string"
        }
      }
    },
    "Anonymous89": {
      "type": "object",
      "properties": {
        "ReplacementType": {
          "type": "string"
        },
        "ReplacementName": {
          "type": "string"
        }
      }
    },
    "Anonymous90": {
      "type": "object",
      "properties": {
        "ColumnName": {
          "type": "string"
        },
        "FileNamePattern": {
          "type": "string"
        },
        "FileNameReplacement": {
          "type": "array",
          "items": {
            "$ref": "#/definitions/Anonymous89"
          }
        }
      }
    },
    "Anonymous91": {
      "type": "object",
      "properties": {
        "ResultType": {
          "type": "string"
        },
        "WorksheetName": {
          "type": "string"
        },
        "Mapping": {
          "$ref": "#/definitions/Mapping"
        },
        "ExportColumn": {
          "type": "array",
          "items": {
            "$ref": "#/definitions/Anonymous90"
          }
        }
      }
    },
    "Anonymous92": {
      "type": "object",
      "properties": {
        "ReplacementType": {
          "type": "string"
        },
        "StartValue": {
          "type": "string"
        },
        "EndValue": {
          "type": "string"
        },
        "NewValue": {
          "type": "string"
        },
        "QueryTextName": {
          "type": "string"
        }
      }
    },
    "Anonymous93": {
      "type": "object",
      "properties": {
        "ReplacementType": {
          "type": "string"
        },
        "StartValue": {
          "type": "string"
        },
        "EndValue": {
          "type": "string"
        },
        "NewValue": {
          "type": "string"
        },
        "QueryTextName": {
          "type": "string"
        }
      }
    },
    "Anonymous94": {
      "type": "object",
      "properties": {
        "Name": {
          "type": "string"
        },
        "SkipResult": {
          "type": "boolean"
        },
        "QueryTextReplacement": {
          "type": "array",
          "items": {
            "$ref": "#/definitions/Anonymous92"
          }
        }
      }
    },
    "Anonymous95": {
      "type": "object",
      "properties": {
        "OldValue": {
          "type": "string"
        },
        "NewValue": {
          "type": "string"
        },
        "QueryTextName": {
          "type": "string"
        }
      }
    },
    "Anonymous96": {
      "type": "object",
      "properties": {
        "SourceColumnName": {
          "type": "string"
        },
        "WorksheetColumn": {
          "type": "string"
        }
      }
    },
    "Anonymous97": {
      "type": "object",
      "properties": {
        "ReplacementType": {
          "type": "string"
        },
        "ReplacementName": {
          "type": "string"
        }
      }
    },
    "Anonymous98": {
      "type": "object",
      "properties": {
        "ColumnName": {
          "type": "string"
        },
        "FileNamePattern": {
          "type": "string"
        },
        "FileNameReplacement": {
          "type": "array",
          "items": {
            "$ref": "#/definitions/Anonymous97"
          }
        }
      }
    },
    "Anonymous99": {
      "type": "object",
      "properties": {
        "ResultType": {
          "type": "string"
        },
        "WorksheetName": {
          "type": "string"
        },
        "Mapping": {
          "$ref": "#/definitions/Mapping"
        },
        "ExportColumn": {
          "type": "array",
          "items": {
            "$ref": "#/definitions/Anonymous98"
          }
        }
      }
    },
    "Anonymous100": {
      "type": "object",
      "properties": {
        "ReplacementType": {
          "type": "string"
        },
        "StartValue": {
          "type": "string"
        },
        "EndValue": {
          "type": "string"
        },
        "NewValue": {
          "type": "string"
        },
        "QueryTextName": {
          "type": "string"
        }
      }
    },
    "Anonymous101": {
      "type": "object",
      "properties": {
        "ReplacementType": {
          "type": "string"
        },
        "StartValue": {
          "type": "string"
        },
        "EndValue": {
          "type": "string"
        },
        "NewValue": {
          "type": "string"
        },
        "QueryTextName": {
          "type": "string"
        }
      }
    },
    "Anonymous102": {
      "type": "object",
      "properties": {
        "Name": {
          "type": "string"
        },
        "SkipResult": {
          "type": "boolean"
        },
        "QueryTextReplacement": {
          "type": "array",
          "items": {
            "$ref": "#/definitions/Anonymous100"
          }
        }
      }
    },
    "Anonymous103": {
      "type": "object",
      "properties": {
        "OldValue": {
          "type": "string"
        },
        "NewValue": {
          "type": "string"
        },
        "QueryTextName": {
          "type": "string"
        }
      }
    },
    "Anonymous104": {
      "type": "object",
      "properties": {
        "SourceColumnName": {
          "type": "string"
        },
        "WorksheetColumn": {
          "type": "string"
        }
      }
    },
    "Anonymous105": {
      "type": "object",
      "properties": {
        "ReplacementType": {
          "type": "string"
        },
        "ReplacementName": {
          "type": "string"
        }
      }
    },
    "Anonymous106": {
      "type": "object",
      "properties": {
        "ColumnName": {
          "type": "string"
        },
        "FileNamePattern": {
          "type": "string"
        },
        "FileNameReplacement": {
          "type": "array",
          "items": {
            "$ref": "#/definitions/Anonymous105"
          }
        }
      }
    },
    "Anonymous107": {
      "type": "object",
      "properties": {
        "ResultType": {
          "type": "string"
        },
        "WorksheetName": {
          "type": "string"
        },
        "Mapping": {
          "$ref": "#/definitions/Mapping"
        },
        "ExportColumn": {
          "type": "array",
          "items": {
            "$ref": "#/definitions/Anonymous106"
          }
        }
      }
    },
    "Anonymous108": {
      "type": "object",
      "properties": {
        "ReplacementType": {
          "type": "string"
        },
        "StartValue": {
          "type": "string"
        },
        "EndValue": {
          "type": "string"
        },
        "NewValue": {
          "type": "string"
        },
        "QueryTextName": {
          "type": "string"
        }
      }
    },
    "Anonymous109": {
      "type": "object",
      "properties": {
        "ReplacementType": {
          "type": "string"
        },
        "StartValue": {
          "type": "string"
        },
        "EndValue": {
          "type": "string"
        },
        "NewValue": {
          "type": "string"
        },
        "QueryTextName": {
          "type": "string"
        }
      }
    },
    "Anonymous110": {
      "type": "object",
      "properties": {
        "Name": {
          "type": "string"
        },
        "SkipResult": {
          "type": "boolean"
        },
        "QueryTextReplacement": {
          "type": "array",
          "items": {
            "$ref": "#/definitions/Anonymous108"
          }
        }
      }
    },
    "Anonymous111": {
      "type": "object",
      "properties": {
        "OldValue": {
          "type": "string"
        },
        "NewValue": {
          "type": "string"
        },
        "QueryTextName": {
          "type": "string"
        }
      }
    },
    "Anonymous112": {
      "type": "object",
      "properties": {
        "SourceColumnName": {
          "type": "string"
        },
        "WorksheetColumn": {
          "type": "string"
        }
      }
    },
    "Anonymous113": {
      "type": "object",
      "properties": {
        "ReplacementType": {
          "type": "string"
        },
        "ReplacementName": {
          "type": "string"
        }
      }
    },
    "Anonymous114": {
      "type": "object",
      "properties": {
        "ColumnName": {
          "type": "string"
        },
        "FileNamePattern": {
          "type": "string"
        },
        "FileNameReplacement": {
          "type": "array",
          "items": {
            "$ref": "#/definitions/Anonymous113"
          }
        }
      }
    },
    "Anonymous115": {
      "type": "object",
      "properties": {
        "ResultType": {
          "type": "string"
        },
        "WorksheetName": {
          "type": "string"
        },
        "Mapping": {
          "$ref": "#/definitions/Mapping"
        },
        "ExportColumn": {
          "type": "array",
          "items": {
            "$ref": "#/definitions/Anonymous114"
          }
        }
      }
    },
    "Anonymous116": {
      "type": "object",
      "properties": {
        "ReplacementType": {
          "type": "string"
        },
        "StartValue": {
          "type": "string"
        },
        "EndValue": {
          "type": "string"
        },
        "NewValue": {
          "type": "string"
        },
        "QueryTextName": {
          "type": "string"
        }
      }
    },
    "Anonymous117": {
      "type": "object",
      "properties": {
        "ReplacementType": {
          "type": "string"
        },
        "StartValue": {
          "type": "string"
        },
        "EndValue": {
          "type": "string"
        },
        "NewValue": {
          "type": "string"
        },
        "QueryTextName": {
          "type": "string"
        }
      }
    },
    "Anonymous118": {
      "type": "object",
      "properties": {
        "Name": {
          "type": "string"
        },
        "SkipResult": {
          "type": "boolean"
        },
        "QueryTextReplacement": {
          "type": "array",
          "items": {
            "$ref": "#/definitions/Anonymous116"
          }
        }
      }
    },
    "Anonymous119": {
      "type": "object",
      "properties": {
        "OldValue": {
          "type": "string"
        },
        "NewValue": {
          "type": "string"
        },
        "QueryTextName": {
          "type": "string"
        }
      }
    },
    "Anonymous120": {
      "type": "object",
      "properties": {
        "SourceColumnName": {
          "type": "string"
        },
        "WorksheetColumn": {
          "type": "string"
        }
      }
    },
    "Anonymous121": {
      "type": "object",
      "properties": {
        "ReplacementType": {
          "type": "string"
        },
        "ReplacementName": {
          "type": "string"
        }
      }
    },
    "Anonymous122": {
      "type": "object",
      "properties": {
        "ColumnName": {
          "type": "string"
        },
        "FileNamePattern": {
          "type": "string"
        },
        "FileNameReplacement": {
          "type": "array",
          "items": {
            "$ref": "#/definitions/Anonymous121"
          }
        }
      }
    },
    "Anonymous123": {
      "type": "object",
      "properties": {
        "ResultType": {
          "type": "string"
        },
        "WorksheetName": {
          "type": "string"
        },
        "Mapping": {
          "$ref": "#/definitions/Mapping"
        },
        "ExportColumn": {
          "type": "array",
          "items": {
            "$ref": "#/definitions/Anonymous122"
          }
        }
      }
    },
    "Anonymous124": {
      "type": "object",
      "properties": {
        "ReplacementType": {
          "type": "string"
        },
        "StartValue": {
          "type": "string"
        },
        "EndValue": {
          "type": "string"
        },
        "NewValue": {
          "type": "string"
        },
        "QueryTextName": {
          "type": "string"
        }
      }
    },
    "Anonymous125": {
      "type": "object",
      "properties": {
        "ReplacementType": {
          "type": "string"
        },
        "StartValue": {
          "type": "string"
        },
        "EndValue": {
          "type": "string"
        },
        "NewValue": {
          "type": "string"
        },
        "QueryTextName": {
          "type": "string"
        }
      }
    },
    "Anonymous126": {
      "type": "object",
      "properties": {
        "Name": {
          "type": "string"
        },
        "SkipResult": {
          "type": "boolean"
        },
        "QueryTextReplacement": {
          "type": "array",
          "items": {
            "$ref": "#/definitions/Anonymous124"
          }
        }
      }
    },
    "Anonymous127": {
      "type": "object",
      "properties": {
        "OldValue": {
          "type": "string"
        },
        "NewValue": {
          "type": "string"
        },
        "QueryTextName": {
          "type": "string"
        }
      }
    },
    "Anonymous128": {
      "type": "object",
      "properties": {
        "SourceColumnName": {
          "type": "string"
        },
        "WorksheetColumn": {
          "type": "string"
        }
      }
    },
    "Anonymous129": {
      "type": "object",
      "properties": {
        "ReplacementType": {
          "type": "string"
        },
        "ReplacementName": {
          "type": "string"
        }
      }
    },
    "Anonymous130": {
      "type": "object",
      "properties": {
        "ColumnName": {
          "type": "string"
        },
        "FileNamePattern": {
          "type": "string"
        },
        "FileNameReplacement": {
          "type": "array",
          "items": {
            "$ref": "#/definitions/Anonymous129"
          }
        }
      }
    },
    "Anonymous131": {
      "type": "object",
      "properties": {
        "ResultType": {
          "type": "string"
        },
        "WorksheetName": {
          "type": "string"
        },
        "Mapping": {
          "$ref": "#/definitions/Mapping"
        },
        "ExportColumn": {
          "type": "array",
          "items": {
            "$ref": "#/definitions/Anonymous130"
          }
        }
      }
    },
    "Anonymous132": {
      "type": "object",
      "properties": {
        "ReplacementType": {
          "type": "string"
        },
        "StartValue": {
          "type": "string"
        },
        "EndValue": {
          "type": "string"
        },
        "NewValue": {
          "type": "string"
        },
        "QueryTextName": {
          "type": "string"
        }
      }
    },
    "Anonymous133": {
      "type": "object",
      "properties": {
        "ReplacementType": {
          "type": "string"
        },
        "StartValue": {
          "type": "string"
        },
        "EndValue": {
          "type": "string"
        },
        "NewValue": {
          "type": "string"
        },
        "QueryTextName": {
          "type": "string"
        }
      }
    },
    "Anonymous134": {
      "type": "object",
      "properties": {
        "Name": {
          "type": "string"
        },
        "SkipResult": {
          "type": "boolean"
        },
        "QueryTextReplacement": {
          "type": "array",
          "items": {
            "$ref": "#/definitions/Anonymous132"
          }
        }
      }
    },
    "Anonymous135": {
      "type": "object",
      "properties": {
        "OldValue": {
          "type": "string"
        },
        "NewValue": {
          "type": "string"
        },
        "QueryTextName": {
          "type": "string"
        }
      }
    },
    "Anonymous136": {
      "type": "object",
      "properties": {
        "SourceColumnName": {
          "type": "string"
        },
        "WorksheetColumn": {
          "type": "string"
        }
      }
    },
    "Anonymous137": {
      "type": "object",
      "properties": {
        "ReplacementType": {
          "type": "string"
        },
        "ReplacementName": {
          "type": "string"
        }
      }
    },
    "Anonymous138": {
      "type": "object",
      "properties": {
        "ColumnName": {
          "type": "string"
        },
        "FileNamePattern": {
          "type": "string"
        },
        "FileNameReplacement": {
          "type": "array",
          "items": {
            "$ref": "#/definitions/Anonymous137"
          }
        }
      }
    },
    "Anonymous139": {
      "type": "object",
      "properties": {
        "ResultType": {
          "type": "string"
        },
        "WorksheetName": {
          "type": "string"
        },
        "Mapping": {
          "$ref": "#/definitions/Mapping"
        },
        "ExportColumn": {
          "type": "array",
          "items": {
            "$ref": "#/definitions/Anonymous138"
          }
        }
      }
    },
    "Anonymous140": {
      "type": "object",
      "properties": {
        "ReplacementType": {
          "type": "string"
        },
        "StartValue": {
          "type": "string"
        },
        "EndValue": {
          "type": "string"
        },
        "NewValue": {
          "type": "string"
        },
        "QueryTextName": {
          "type": "string"
        }
      }
    },
    "Anonymous141": {
      "type": "object",
      "properties": {
        "ReplacementType": {
          "type": "string"
        },
        "StartValue": {
          "type": "string"
        },
        "EndValue": {
          "type": "string"
        },
        "NewValue": {
          "type": "string"
        },
        "QueryTextName": {
          "type": "string"
        }
      }
    },
    "Anonymous142": {
      "type": "object",
      "properties": {
        "Name": {
          "type": "string"
        },
        "SkipResult": {
          "type": "boolean"
        },
        "QueryTextReplacement": {
          "type": "array",
          "items": {
            "$ref": "#/definitions/Anonymous140"
          }
        }
      }
    },
    "Anonymous143": {
      "type": "object",
      "properties": {
        "OldValue": {
          "type": "string"
        },
        "NewValue": {
          "type": "string"
        },
        "QueryTextName": {
          "type": "string"
        }
      }
    },
    "Anonymous144": {
      "type": "object",
      "properties": {
        "SourceColumnName": {
          "type": "string"
        },
        "WorksheetColumn": {
          "type": "string"
        }
      }
    },
    "Anonymous145": {
      "type": "object",
      "properties": {
        "ReplacementType": {
          "type": "string"
        },
        "ReplacementName": {
          "type": "string"
        }
      }
    },
    "Anonymous146": {
      "type": "object",
      "properties": {
        "ColumnName": {
          "type": "string"
        },
        "FileNamePattern": {
          "type": "string"
        },
        "FileNameReplacement": {
          "type": "array",
          "items": {
            "$ref": "#/definitions/Anonymous145"
          }
        }
      }
    },
    "Anonymous147": {
      "type": "object",
      "properties": {
        "ResultType": {
          "type": "string"
        },
        "WorksheetName": {
          "type": "string"
        },
        "Mapping": {
          "$ref": "#/definitions/Mapping"
        },
        "ExportColumn": {
          "type": "array",
          "items": {
            "$ref": "#/definitions/Anonymous146"
          }
        }
      }
    },
    "Anonymous148": {
      "type": "object",
      "properties": {
        "ReplacementType": {
          "type": "string"
        },
        "StartValue": {
          "type": "string"
        },
        "EndValue": {
          "type": "string"
        },
        "NewValue": {
          "type": "string"
        },
        "QueryTextName": {
          "type": "string"
        }
      }
    },
    "Anonymous149": {
      "type": "object",
      "properties": {
        "ReplacementType": {
          "type": "string"
        },
        "StartValue": {
          "type": "string"
        },
        "EndValue": {
          "type": "string"
        },
        "NewValue": {
          "type": "string"
        },
        "QueryTextName": {
          "type": "string"
        }
      }
    },
    "Anonymous150": {
      "type": "object",
      "properties": {
        "Name": {
          "type": "string"
        },
        "SkipResult": {
          "type": "boolean"
        },
        "QueryTextReplacement": {
          "type": "array",
          "items": {
            "$ref": "#/definitions/Anonymous148"
          }
        }
      }
    },
    "Anonymous151": {
      "type": "object",
      "properties": {
        "OldValue": {
          "type": "string"
        },
        "NewValue": {
          "type": "string"
        },
        "QueryTextName": {
          "type": "string"
        }
      }
    },
    "Anonymous152": {
      "type": "object",
      "properties": {
        "SourceColumnName": {
          "type": "string"
        },
        "WorksheetColumn": {
          "type": "string"
        }
      }
    },
    "Anonymous153": {
      "type": "object",
      "properties": {
        "ReplacementType": {
          "type": "string"
        },
        "ReplacementName": {
          "type": "string"
        }
      }
    },
    "Anonymous154": {
      "type": "object",
      "properties": {
        "ColumnName": {
          "type": "string"
        },
        "FileNamePattern": {
          "type": "string"
        },
        "FileNameReplacement": {
          "type": "array",
          "items": {
            "$ref": "#/definitions/Anonymous153"
          }
        }
      }
    },
    "Anonymous155": {
      "type": "object",
      "properties": {
        "ResultType": {
          "type": "string"
        },
        "WorksheetName": {
          "type": "string"
        },
        "Mapping": {
          "$ref": "#/definitions/Mapping"
        },
        "ExportColumn": {
          "type": "array",
          "items": {
            "$ref": "#/definitions/Anonymous154"
          }
        }
      }
    },
    "Anonymous156": {
      "type": "object",
      "properties": {
        "ReplacementType": {
          "type": "string"
        },
        "StartValue": {
          "type": "string"
        },
        "EndValue": {
          "type": "string"
        },
        "NewValue": {
          "type": "string"
        },
        "QueryTextName": {
          "type": "string"
        }
      }
    },
    "Anonymous157": {
      "type": "object",
      "properties": {
        "ReplacementType": {
          "type": "string"
        },
        "StartValue": {
          "type": "string"
        },
        "EndValue": {
          "type": "string"
        },
        "NewValue": {
          "type": "string"
        },
        "QueryTextName": {
          "type": "string"
        }
      }
    },
    "Anonymous158": {
      "type": "object",
      "properties": {
        "Name": {
          "type": "string"
        },
        "SkipResult": {
          "type": "boolean"
        },
        "QueryTextReplacement": {
          "type": "array",
          "items": {
            "$ref": "#/definitions/Anonymous156"
          }
        }
      }
    },
    "Anonymous159": {
      "type": "object",
      "properties": {
        "OldValue": {
          "type": "string"
        },
        "NewValue": {
          "type": "string"
        },
        "QueryTextName": {
          "type": "string"
        }
      }
    },
    "Anonymous160": {
      "type": "object",
      "properties": {
        "SourceColumnName": {
          "type": "string"
        },
        "WorksheetColumn": {
          "type": "string"
        }
      }
    },
    "Anonymous161": {
      "type": "object",
      "properties": {
        "ReplacementType": {
          "type": "string"
        },
        "ReplacementName": {
          "type": "string"
        }
      }
    },
    "Anonymous162": {
      "type": "object",
      "properties": {
        "ColumnName": {
          "type": "string"
        },
        "FileNamePattern": {
          "type": "string"
        },
        "FileNameReplacement": {
          "type": "array",
          "items": {
            "$ref": "#/definitions/Anonymous161"
          }
        }
      }
    },
    "Anonymous163": {
      "type": "object",
      "properties": {
        "ResultType": {
          "type": "string"
        },
        "WorksheetName": {
          "type": "string"
        },
        "Mapping": {
          "$ref": "#/definitions/Mapping"
        },
        "ExportColumn": {
          "type": "array",
          "items": {
            "$ref": "#/definitions/Anonymous162"
          }
        }
      }
    },
    "Anonymous164": {
      "type": "object",
      "properties": {
        "ReplacementType": {
          "type": "string"
        },
        "StartValue": {
          "type": "string"
        },
        "EndValue": {
          "type": "string"
        },
        "NewValue": {
          "type": "string"
        },
        "QueryTextName": {
          "type": "string"
        }
      }
    },
    "Anonymous165": {
      "type": "object",
      "properties": {
        "ReplacementType": {
          "type": "string"
        },
        "StartValue": {
          "type": "string"
        },
        "EndValue": {
          "type": "string"
        },
        "NewValue": {
          "type": "string"
        },
        "QueryTextName": {
          "type": "string"
        }
      }
    },
    "Anonymous166": {
      "type": "object",
      "properties": {
        "Name": {
          "type": "string"
        },
        "SkipResult": {
          "type": "boolean"
        },
        "QueryTextReplacement": {
          "type": "array",
          "items": {
            "$ref": "#/definitions/Anonymous164"
          }
        }
      }
    },
    "Anonymous167": {
      "type": "object",
      "properties": {
        "SourceColumnName": {
          "type": "string"
        },
        "WorksheetColumn": {
          "type": "string"
        }
      }
    },
    "Anonymous168": {
      "type": "object",
      "properties": {
        "SourceColumnName": {
          "type": "string"
        },
        "WorksheetColumn": {
          "type": "string"
        }
      }
    },
    "Anonymous169": {
      "type": "object",
      "properties": {
        "SourceColumnName": {
          "type": "string"
        },
        "WorksheetColumn": {
          "type": "string"
        }
      }
    },
    "Anonymous170": {
      "type": "object",
      "properties": {
        "SourceColumnName": {
          "type": "string"
        },
        "WorksheetColumn": {
          "type": "string"
        }
      }
    },
    "Anonymous171": {
      "type": "object",
      "properties": {
        "SourceColumnName": {
          "type": "string"
        },
        "WorksheetColumn": {
          "type": "string"
        }
      }
    },
    "Anonymous172": {
      "type": "object",
      "properties": {
        "SourceColumnName": {
          "type": "string"
        },
        "WorksheetColumn": {
          "type": "string"
        }
      }
    },
    "Anonymous173": {
      "type": "object",
      "properties": {
        "SourceColumnName": {
          "type": "string"
        },
        "WorksheetColumn": {
          "type": "string"
        }
      }
    },
    "Anonymous174": {
      "type": "object",
      "properties": {
        "ReplacementType": {
          "type": "string"
        },
        "ReplacementName": {
          "type": "string"
        }
      }
    },
    "Anonymous175": {
      "type": "object",
      "properties": {
        "ColumnName": {
          "type": "string"
        },
        "FileNamePattern": {
          "type": "string"
        },
        "FileNameReplacement": {
          "type": "array",
          "items": {
            "$ref": "#/definitions/Anonymous174"
          }
        }
      }
    },
    "Anonymous176": {
      "type": "object",
      "properties": {
        "ResultType": {
          "type": "string"
        },
        "WorksheetName": {
          "type": "string"
        },
        "Mapping": {
          "$ref": "#/definitions/Anonymous17"
        },
        "ExportColumn": {
          "type": "array",
          "items": {
            "$ref": "#/definitions/Anonymous175"
          }
        }
      }
    },
    "Anonymous177": {
      "type": "object",
      "properties": {
        "ReplacementType": {
          "type": "string"
        },
        "StartValue": {
          "type": "string"
        },
        "EndValue": {
          "type": "string"
        },
        "NewValue": {
          "type": "string"
        },
        "QueryTextName": {
          "type": "string"
        }
      }
    },
    "Anonymous178": {
      "type": "object",
      "properties": {
        "ReplacementType": {
          "type": "string"
        },
        "StartValue": {
          "type": "string"
        },
        "EndValue": {
          "type": "string"
        },
        "NewValue": {
          "type": "string"
        },
        "QueryTextName": {
          "type": "string"
        }
      }
    },
    "Anonymous179": {
      "type": "object",
      "properties": {
        "Name": {
          "type": "string"
        },
        "QueryTextReplacement": {
          "type": "array",
          "items": {
            "$ref": "#/definitions/Anonymous177"
          }
        }
      }
    },
    "Anonymous180": {
      "type": "object",
      "properties": {
        "SourceColumnName": {
          "type": "string"
        },
        "WorksheetColumn": {
          "type": "string"
        }
      }
    },
    "Anonymous181": {
      "type": "object",
      "properties": {
        "ReplacementType": {
          "type": "string"
        },
        "ReplacementName": {
          "type": "string"
        }
      }
    },
    "Anonymous182": {
      "type": "object",
      "properties": {
        "ColumnName": {
          "type": "string"
        },
        "FileNamePattern": {
          "type": "string"
        },
        "FileNameReplacement": {
          "type": "array",
          "items": {
            "$ref": "#/definitions/Anonymous181"
          }
        }
      }
    },
    "Anonymous183": {
      "type": "object",
      "properties": {
        "ResultType": {
          "type": "string"
        },
        "WorksheetName": {
          "type": "string"
        },
        "Mapping": {
          "$ref": "#/definitions/Mapping"
        },
        "ExportColumn": {
          "type": "array",
          "items": {
            "$ref": "#/definitions/Anonymous182"
          }
        }
      }
    },
    "Anonymous184": {
      "type": "object",
      "properties": {
        "OldValue": {
          "type": "string"
        },
        "NewValue": {
          "type": "string"
        },
        "QueryTextName": {
          "type": "string"
        }
      }
    },
    "Anonymous185": {
      "type": "object",
      "properties": {
        "SourceColumnName": {
          "type": "string"
        },
        "WorksheetColumn": {
          "type": "string"
        }
      }
    },
    "Anonymous186": {
      "type": "object",
      "properties": {
        "ResultType": {
          "type": "string"
        },
        "WorksheetName": {
          "type": "string"
        },
        "Mapping": {
          "$ref": "#/definitions/Anonymous17"
        }
      }
    },
    "Anonymous187": {
      "type": "object",
      "properties": {
        "ReplacementType": {
          "type": "string"
        },
        "StartValue": {
          "type": "string"
        },
        "EndValue": {
          "type": "string"
        },
        "NewValue": {
          "type": "string"
        },
        "QueryTextName": {
          "type": "string"
        }
      }
    },
    "Anonymous188": {
      "type": "object",
      "properties": {
        "ReplacementType": {
          "type": "string"
        },
        "StartValue": {
          "type": "string"
        },
        "EndValue": {
          "type": "string"
        },
        "NewValue": {
          "type": "string"
        },
        "QueryTextName": {
          "type": "string"
        }
      }
    },
    "Anonymous189": {
      "type": "object",
      "properties": {
        "Name": {
          "type": "string"
        },
        "QueryTextReplacement": {
          "type": "array",
          "items": {
            "$ref": "#/definitions/Anonymous187"
          }
        }
      }
    },
    "Anonymous190": {
      "type": "object",
      "properties": {
        "OldValue": {
          "type": "string"
        },
        "NewValue": {
          "type": "string"
        },
        "QueryTextName": {
          "type": "string"
        }
      }
    },
    "Anonymous191": {
      "type": "object",
      "properties": {
        "SourceColumnName": {
          "type": "string"
        },
        "WorksheetColumn": {
          "type": "string"
        }
      }
    },
    "Anonymous192": {
      "type": "object",
      "properties": {
        "ReplacementType": {
          "type": "string"
        },
        "ReplacementName": {
          "type": "string"
        }
      }
    },
    "Anonymous193": {
      "type": "object",
      "properties": {
        "ColumnName": {
          "type": "string"
        },
        "FileNamePattern": {
          "type": "string"
        },
        "FileNameReplacement": {
          "type": "array",
          "items": {
            "$ref": "#/definitions/Anonymous192"
          }
        }
      }
    },
    "Anonymous194": {
      "type": "object",
      "properties": {
        "ResultType": {
          "type": "string"
        },
        "WorksheetName": {
          "type": "string"
        },
        "Mapping": {
          "$ref": "#/definitions/Anonymous17"
        },
        "ExportColumn": {
          "type": "array",
          "items": {
            "$ref": "#/definitions/Anonymous193"
          }
        }
      }
    },
    "Anonymous195": {
      "type": "object",
      "properties": {
        "ReplacementType": {
          "type": "string"
        },
        "StartValue": {
          "type": "string"
        },
        "EndValue": {
          "type": "string"
        },
        "NewValue": {
          "type": "string"
        },
        "QueryTextName": {
          "type": "string"
        }
      }
    },
    "Anonymous196": {
      "type": "object",
      "properties": {
        "ReplacementType": {
          "type": "string"
        },
        "StartValue": {
          "type": "string"
        },
        "EndValue": {
          "type": "string"
        },
        "NewValue": {
          "type": "string"
        },
        "QueryTextName": {
          "type": "string"
        }
      }
    },
    "Anonymous197": {
      "type": "object",
      "properties": {
        "Name": {
          "type": "string"
        },
        "QueryTextReplacement": {
          "type": "array",
          "items": {
            "$ref": "#/definitions/Anonymous195"
          }
        }
      }
    },
    "Anonymous198": {
      "type": "object",
      "properties": {
        "SourceColumnName": {
          "type": "string"
        },
        "WorksheetColumn": {
          "type": "string"
        }
      }
    },
    "Anonymous199": {
      "type": "object",
      "properties": {
        "ReplacementName": {
          "type": "string"
        },
        "ReplacementType": {
          "type": "string"
        }
      }
    },
    "Anonymous200": {
      "type": "object",
      "properties": {
        "ColumnName": {
          "type": "string"
        },
        "FileNamePattern": {
          "type": "string"
        },
        "FileNameReplacement": {
          "type": "array",
          "items": {
            "$ref": "#/definitions/Anonymous199"
          }
        }
      }
    },
    "Anonymous201": {
      "type": "object",
      "properties": {
        "SourceColumnName": {
          "type": "string"
        },
        "WorksheetColumn": {
          "type": "string"
        }
      }
    },
    "Anonymous202": {
      "type": "object",
      "properties": {
        "ResultType": {
          "type": "string"
        },
        "WorksheetName": {
          "type": "string"
        },
        "Mapping": {
          "$ref": "#/definitions/Mapping"
        },
        "ExportColumn": {
          "type": "array",
          "items": {
            "$ref": "#/definitions/Anonymous200"
          }
        }
      }
    },
    "Anonymous203": {
      "type": "object",
      "properties": {
        "EngineEditionId": {
          "type": "integer"
        }
      }
    },
    "Anonymous204": {
      "type": "object",
      "properties": {
        "ReplacementType": {
          "type": "string"
        },
        "StartValue": {
          "type": "string"
        },
        "EndValue": {
          "type": "string"
        },
        "NewValue": {
          "type": "string"
        },
        "QueryTextName": {
          "type": "string"
        }
      }
    },
    "Anonymous205": {
      "type": "object",
      "properties": {
        "ReplacementType": {
          "type": "string"
        },
        "StartValue": {
          "type": "string"
        },
        "EndValue": {
          "type": "string"
        },
        "NewValue": {
          "type": "string"
        },
        "QueryTextName": {
          "type": "string"
        }
      }
    },
    "Anonymous206": {
      "type": "object",
      "properties": {
        "Name": {
          "type": "string"
        },
        "QueryTextReplacement": {
          "type": "array",
          "items": {
            "$ref": "#/definitions/Anonymous204"
          }
        }
      }
    },
    "Anonymous207": {
      "type": "object",
      "properties": {
        "SourceColumnName": {
          "type": "string"
        },
        "WorksheetColumn": {
          "type": "string"
        }
      }
    },
    "Anonymous208": {
      "type": "object",
      "properties": {
        "SourceColumnName": {
          "type": "string"
        },
        "WorksheetColumn": {
          "type": "string"
        }
      }
    },
    "Anonymous209": {
      "type": "object",
      "properties": {
        "ResultType": {
          "type": "string"
        },
        "WorksheetName": {
          "type": "string"
        },
        "Mapping": {
          "$ref": "#/definitions/Mapping"
        }
      }
    },
    "Anonymous210": {
      "type": "object",
      "properties": {
        "Name": {
          "type": "string"
        }
      }
    },
    "Anonymous211": {
      "type": "object",
      "properties": {
        "SourceColumnName": {
          "type": "string"
        },
        "WorksheetColumn": {
          "type": "string"
        }
      }
    },
    "Anonymous212": {
      "type": "object",
      "properties": {
        "ResultType": {
          "type": "string"
        },
        "WorksheetName": {
          "type": "string"
        },
        "Mapping": {
          "$ref": "#/definitions/Mapping"
        }
      }
    },
    "Anonymous213": {
      "type": "object",
      "properties": {
        "Name": {
          "type": "string"
        }
      }
    },
    "Query": {
      "type": "object",
      "properties": {
        "Name": {
          "type": "string"
        },
        "QueryText": {
          "type": "string"
        },
        "Timeout": {
          "type": "integer"
        },
        "QueryResult": {
          "type": "array",
          "items": {
            "$ref": "#/definitions/QueryResult"
          }
        },
        "FileName": {
          "type": "string"
        },
        "DeepDive": {
          "type": "boolean"
        },
        "QueryTextReplacement": {
          "type": "array",
          "items": {
            "$ref": "#/definitions/QueryTextReplacement"
          }
        },
        "SharedTable": {
          "type": "array",
          "items": {
            "$ref": "#/definitions/SharedTable"
          }
        },
        "SkipEngineEdition": {
          "type": "array",
          "items": {
            "$ref": "#/definitions/SkipEngineEdition"
          }
        },
        "QueryTextPost": {
          "type": "string"
        }
      }
    },
    "SqlColumn": {
      "type": "object",
      "properties": {
        "Name": {
          "type": "string"
        },
        "SqlType": {
          "type": "string"
        }
      }
    },
    "Anonymous216": {
      "type": "object",
      "properties": {
        "OldValue": {
          "type": "string"
        },
        "NewValue": {
          "type": "string"
        },
        "QueryTextName": {
          "type": "string"
        }
      }
    },
    "Anonymous217": {
      "type": "object",
      "properties": {
        "Name": {
          "type": "string"
        },
        "SqlType": {
          "type": "string"
        },
        "IsNUll": {
          "type": "boolean"
        },
        "IsNull": {
          "type": "boolean"
        },
        "Default": {
          "type": "string"
        },
        "SqlTypeLength": {
          "type": "integer"
        }
      }
    },
    "Anonymous218": {
      "type": "object",
      "properties": {
        "OldValue": {
          "type": "string"
        },
        "NewValue": {
          "type": "string"
        },
        "QueryTextName": {
          "type": "string"
        }
      }
    },
    "Anonymous219": {
      "type": "object",
      "properties": {
        "Name": {
          "type": "string"
        },
        "SqlType": {
          "type": "string"
        },
        "IsNUll": {
          "type": "boolean"
        },
        "IsNull": {
          "type": "boolean"
        },
        "Default": {
          "type": "string"
        },
        "SqlTypeLength": {
          "type": "integer"
        }
      }
    },
    "Anonymous220": {
      "type": "object",
      "properties": {
        "OldValue": {
          "type": "string"
        },
        "NewValue": {
          "type": "string"
        },
        "QueryTextName": {
          "type": "string"
        }
      }
    },
    "Anonymous221": {
      "type": "object",
      "properties": {
        "Name": {
          "type": "string"
        },
        "TableName": {
          "type": "string"
        },
        "SqlColumn": {
          "type": "array",
          "items": {
            "$ref": "#/definitions/SqlColumn"
          }
        },
        "QueryTextReplacement": {
          "type": "array",
          "items": {
            "$ref": "#/definitions/Anonymous216"
          }
        }
      }
    }
  }
}